SEF	1.0.0
ID	Brunswick_Cleaveland
Name	Brunswick, ME
Lat	43.9083
Lon	-69.9567
Alt	25
Source	C3S-DRS
Link	
Vbl	ta
Stat	point
Units	C
Meta	
Year	Month	Day	Hour	Minute	Period	Value	Meta
1816	1	1	12	9	0	-10	orig=14F|orig.time=7:30AM
1816	1	1	17	39	0	-1.1	orig=30F|orig.time=1:00PM
1816	1	1	21	15	0	-4.2	orig=24.5F|orig.time=sunset
1816	1	2	12	9	0	-8.3	orig=17F|orig.time=7:30AM
1816	1	2	17	39	0	-4.2	orig=24.5F|orig.time=1:00PM
1816	1	2	21	15	0	-6.4	orig=20.5F|orig.time=sunset
1816	1	3	12	9	0	-17.2	orig=1F|orig.time=7:30AM
1816	1	3	17	39	0	-4.7	orig=23.5F|orig.time=1:00PM
1816	1	3	21	16	0	-4.4	orig=24F|orig.time=sunset
1816	1	4	12	9	0	-19.4	orig=-3F|orig.time=7:30AM
1816	1	4	17	39	0	-4.4	orig=24F|orig.time=1:00PM
1816	1	4	21	17	0	-8.1	orig=17.5F|orig.time=sunset
1816	1	5	12	9	0	-11.7	orig=11F|orig.time=7:30AM
1816	1	5	17	39	0	-6.4	orig=20.5F|orig.time=1:00PM
1816	1	5	21	19	0	-8.3	orig=17F|orig.time=sunset
1816	1	6	12	9	0	-4.4	orig=24F|orig.time=7:30AM
1816	1	6	17	39	0	-3.3	orig=26F|orig.time=1:00PM
1816	1	6	21	20	0	-5	orig=23F|orig.time=sunset
1816	1	7	12	9	0	-8.8	orig=16.25F|orig.time=7:30AM
1816	1	7	17	39	0	-4.7	orig=23.5F|orig.time=1:00PM
1816	1	7	21	21	0	-6.1	orig=21F|orig.time=sunset
1816	1	8	12	9	0	-13.3	orig=8F|orig.time=7:30AM
1816	1	8	17	39	0	-10	orig=14F|orig.time=1:00PM
1816	1	8	21	22	0	-12.5	orig=9.5F|orig.time=sunset
1816	1	9	12	9	0	-19.7	orig=-3.5F|orig.time=7:30AM
1816	1	9	17	39	0	-13.3	orig=8F|orig.time=1:00PM
1816	1	9	21	23	0	-14.4	orig=6F|orig.time=sunset
1816	1	10	12	9	0	-22.8	orig=-9F|orig.time=7:30AM
1816	1	10	17	39	0	-6.9	orig=19.5F|orig.time=1:00PM
1816	1	10	21	24	0	-11.9	orig=10.5F|orig.time=sunset
1816	1	11	12	9	0	-26.1	orig=-15F|orig.time=7:30AM
1816	1	11	17	39	0	-11.1	orig=12F|orig.time=1:00PM
1816	1	11	21	25	0	-11.9	orig=10.5F|orig.time=sunset
1816	1	12	12	9	0	-12.2	orig=10F|orig.time=7:30AM
1816	1	12	17	39	0	-9.4	orig=15F|orig.time=1:00PM
1816	1	12	21	26	0	-12.5	orig=9.5F|orig.time=sunset
1816	1	13	12	9	0	-20.6	orig=-5F|orig.time=7:30AM
1816	1	13	17	39	0	-6.9	orig=19.5F|orig.time=1:00PM
1816	1	13	21	28	0	-11.7	orig=11F|orig.time=sunset
1816	1	14	12	9	0	-21.1	orig=-6F|orig.time=7:30AM
1816	1	14	17	39	0	-5.8	orig=21.5F|orig.time=1:00PM
1816	1	14	21	29	0	-8.9	orig=16F|orig.time=sunset
1816	1	15	12	9	0	-24.4	orig=-12F|orig.time=7:30AM
1816	1	15	17	39	0	-10.8	orig=12.5F|orig.time=1:00PM
1816	1	15	21	30	0	-13.9	orig=7F|orig.time=sunset
1816	1	16	12	9	0	-22.2	orig=-8F|orig.time=7:30AM
1816	1	16	17	39	0	-3.3	orig=26F|orig.time=1:00PM
1816	1	16	21	31	0	-4.4	orig=24F|orig.time=sunset
1816	1	17	12	9	0	4.4	orig=40F|orig.time=7:30AM
1816	1	17	17	39	0	7.8	orig=46F|orig.time=1:00PM
1816	1	17	21	33	0	7.2	orig=45F|orig.time=sunset
1816	1	18	12	9	0	-0.6	orig=31F|orig.time=7:30AM
1816	1	18	17	39	0	4.7	orig=40.5F|orig.time=1:00PM
1816	1	18	21	34	0	1.4	orig=34.5F|orig.time=sunset
1816	1	19	12	9	0	-4.4	orig=24F|orig.time=7:30AM
1816	1	19	17	39	0	2.5	orig=36.5F|orig.time=1:00PM
1816	1	19	21	35	0	-0.6	orig=31F|orig.time=sunset
1816	1	20	12	9	0	-4.4	orig=24F|orig.time=7:30AM
1816	1	20	17	39	0	-0.8	orig=30.5F|orig.time=1:00PM
1816	1	20	21	37	0	-3.6	orig=25.5F|orig.time=sunset
1816	1	21	12	9	0	-4.4	orig=24F|orig.time=7:30AM
1816	1	21	17	39	0	0.8	orig=33.5F|orig.time=1:00PM
1816	1	21	21	38	0	0.6	orig=33F|orig.time=sunset
1816	1	22	12	9	0	-5	orig=23F|orig.time=7:30AM
1816	1	22	17	39	0	6.7	orig=44F|orig.time=1:00PM
1816	1	22	21	39	0	2.8	orig=37F|orig.time=sunset
1816	1	23	12	9	0	-7.2	orig=19F|orig.time=7:30AM
1816	1	23	17	39	0	5.3	orig=41.5F|orig.time=1:00PM
1816	1	23	21	41	0	1.7	orig=35F|orig.time=sunset
1816	1	24	12	9	0	2.2	orig=36F|orig.time=7:30AM
1816	1	24	17	39	0	4.7	orig=40.5F|orig.time=1:00PM
1816	1	24	21	42	0	1.1	orig=34F|orig.time=sunset
1816	1	25	12	9	0	-3.9	orig=25F|orig.time=7:30AM
1816	1	25	17	39	0	-3.9	orig=25F|orig.time=1:00PM
1816	1	25	21	43	0	-6.7	orig=20F|orig.time=sunset
1816	1	26	12	9	0	-9.4	orig=15F|orig.time=7:30AM
1816	1	26	17	39	0	-10.8	orig=12.5F|orig.time=1:00PM
1816	1	26	21	45	0	-12.8	orig=9F|orig.time=sunset
1816	1	27	12	9	0	-15.6	orig=4F|orig.time=7:30AM
1816	1	27	17	39	0	-3.9	orig=25F|orig.time=1:00PM
1816	1	27	21	46	0	-5.6	orig=22F|orig.time=sunset
1816	1	28	12	9	0	-13.9	orig=7F|orig.time=7:30AM
1816	1	28	17	39	0	0	orig=32F|orig.time=1:00PM
1816	1	28	21	48	0	-2.8	orig=27F|orig.time=sunset
1816	1	29	12	9	0	-6.1	orig=21F|orig.time=7:30AM
1816	1	29	17	39	0	-0.3	orig=31.5F|orig.time=1:00PM
1816	1	29	21	49	0	-3.1	orig=26.5F|orig.time=sunset
1816	1	30	12	9	0	-5	orig=23F|orig.time=7:30AM
1816	1	30	17	39	0	-1.7	orig=29F|orig.time=1:00PM
1816	1	30	21	50	0	-4.4	orig=24F|orig.time=sunset
1816	1	31	12	9	0	-12.8	orig=9F|orig.time=7:30AM
1816	1	31	17	39	0	0.6	orig=33F|orig.time=1:00PM
1816	1	31	21	52	0	-3.6	orig=25.5F|orig.time=sunset
1816	2	1	12	9	0	1.1	orig=34F|orig.time=7:30AM
1816	2	1	17	39	0	1.4	orig=34.5F|orig.time=1:00PM
1816	2	1	21	53	0	0.6	orig=33F|orig.time=sunset
1816	2	2	12	9	0	-7.2	orig=19F|orig.time=7:30AM
1816	2	2	17	39	0	-2.8	orig=27F|orig.time=1:00PM
1816	2	2	21	54	0	-2.9	orig=26.75F|orig.time=sunset
1816	2	3	12	9	0	-10	orig=14F|orig.time=7:30AM
1816	2	3	17	39	0	-3.1	orig=26.5F|orig.time=1:00PM
1816	2	3	21	56	0	-4.4	orig=24F|orig.time=sunset
1816	2	4	12	9	0	-5	orig=23F|orig.time=7:30AM
1816	2	4	17	39	0	-4.4	orig=24F|orig.time=1:00PM
1816	2	4	21	57	0	-6.4	orig=20.5F|orig.time=sunset
1816	2	5	12	9	0	-10.6	orig=13F|orig.time=7:30AM
1816	2	5	17	39	0	-1.1	orig=30F|orig.time=1:00PM
1816	2	5	21	59	0	-3.1	orig=26.5F|orig.time=sunset
1816	2	6	12	9	0	-16.1	orig=3F|orig.time=7:30AM
1816	2	6	17	39	0	-5	orig=23F|orig.time=1:00PM
1816	2	6	22	0	0	-7.8	orig=18F|orig.time=sunset
1816	2	7	12	9	0	-1.9	orig=28.5F|orig.time=7:30AM
1816	2	7	17	39	0	0.6	orig=33F|orig.time=1:00PM
1816	2	7	22	1	0	-4.4	orig=24F|orig.time=sunset
1816	2	8	12	9	0	-17.2	orig=1F|orig.time=7:30AM
1816	2	8	17	39	0	-8.9	orig=16F|orig.time=1:00PM
1816	2	8	22	3	0	-15	orig=5F|orig.time=sunset
1816	2	9	12	9	0	-22.2	orig=-8F|orig.time=7:30AM
1816	2	9	17	39	0	-14.7	orig=5.5F|orig.time=1:00PM
1816	2	9	22	4	0	-17.8	orig=0F|orig.time=sunset
1816	2	10	12	9	0	-19.4	orig=-3F|orig.time=7:30AM
1816	2	10	17	39	0	-7.2	orig=19F|orig.time=1:00PM
1816	2	10	22	6	0	-12.2	orig=10F|orig.time=sunset
1816	2	11	12	9	0	-11.1	orig=12F|orig.time=7:30AM
1816	2	11	17	39	0	-1.9	orig=28.5F|orig.time=1:00PM
1816	2	11	22	7	0	-4.2	orig=24.5F|orig.time=sunset
1816	2	12	12	9	0	3.3	orig=38F|orig.time=7:30AM
1816	2	12	17	39	0	4.4	orig=40F|orig.time=1:00PM
1816	2	12	22	8	0	3.3	orig=38F|orig.time=sunset
1816	2	13	12	9	0	-11.7	orig=11F|orig.time=7:30AM
1816	2	13	17	39	0	-8.6	orig=16.5F|orig.time=1:00PM
1816	2	13	22	10	0	-10.6	orig=13F|orig.time=sunset
1816	2	14	12	9	0	-17.2	orig=1F|orig.time=7:30AM
1816	2	14	17	39	0	-12.8	orig=9F|orig.time=1:00PM
1816	2	14	22	11	0	-15	orig=5F|orig.time=sunset
1816	2	15	12	9	0	-22.8	orig=-9F|orig.time=7:30AM
1816	2	15	17	39	0	-16.4	orig=2.5F|orig.time=1:00PM
1816	2	15	22	12	0	-16.2	orig=2.75F|orig.time=sunset
1816	2	16	12	9	0	-20.6	orig=-5F|orig.time=7:30AM
1816	2	16	17	39	0	-9.2	orig=15.5F|orig.time=1:00PM
1816	2	16	22	14	0	-9.4	orig=15F|orig.time=sunset
1816	2	17	12	9	0	-16.1	orig=3F|orig.time=7:30AM
1816	2	17	17	39	0	-1.1	orig=30F|orig.time=1:00PM
1816	2	17	22	15	0	-2.2	orig=28F|orig.time=sunset
1816	2	18	12	9	0	-3.9	orig=25F|orig.time=7:30AM
1816	2	18	17	39	0	-0.6	orig=31F|orig.time=1:00PM
1816	2	18	22	16	0	-3.9	orig=25F|orig.time=sunset
1816	2	19	12	9	0	-2.8	orig=27F|orig.time=7:30AM
1816	2	19	17	39	0	0	orig=32F|orig.time=1:00PM
1816	2	19	22	18	0	0	orig=32F|orig.time=sunset
1816	2	20	12	9	0	-3.9	orig=25F|orig.time=7:30AM
1816	2	20	17	39	0	5	orig=41F|orig.time=1:00PM
1816	2	20	22	19	0	1.7	orig=35F|orig.time=sunset
1816	2	21	12	9	0	-6.1	orig=21F|orig.time=7:30AM
1816	2	21	17	39	0	1.7	orig=35F|orig.time=1:00PM
1816	2	21	22	20	0	-3.9	orig=25F|orig.time=sunset
1816	2	22	12	9	0	-2.5	orig=27.5F|orig.time=7:30AM
1816	2	22	17	39	0	2.2	orig=36F|orig.time=1:00PM
1816	2	22	22	22	0	0	orig=32F|orig.time=sunset
1816	2	23	12	9	0	-3.9	orig=25F|orig.time=7:30AM
1816	2	23	17	39	0	5.6	orig=42F|orig.time=1:00PM
1816	2	23	22	23	0	0	orig=32F|orig.time=sunset
1816	2	24	12	9	0	-8.9	orig=16F|orig.time=7:30AM
1816	2	24	17	39	0	4.4	orig=40F|orig.time=1:00PM
1816	2	24	22	24	0	-1.4	orig=29.5F|orig.time=sunset
1816	2	25	12	9	0	1.7	orig=35F|orig.time=7:30AM
1816	2	25	17	39	0	6.7	orig=44F|orig.time=1:00PM
1816	2	25	22	26	0	1.4	orig=34.5F|orig.time=sunset
1816	2	26	12	9	0	-1.7	orig=29F|orig.time=7:30AM
1816	2	26	17	39	0	6.7	orig=44F|orig.time=1:00PM
1816	2	26	22	27	0	1.7	orig=35F|orig.time=sunset
1816	2	27	12	9	0	-6.7	orig=20F|orig.time=7:30AM
1816	2	27	17	39	0	-0.6	orig=31F|orig.time=1:00PM
1816	2	27	22	28	0	-1.1	orig=30F|orig.time=sunset
1816	2	28	12	9	0	-0.6	orig=31F|orig.time=7:30AM
1816	2	28	17	39	0	7.8	orig=46F|orig.time=1:00PM
1816	2	28	22	30	0	1.1	orig=34F|orig.time=sunset
1816	2	29	12	9	0	4.4	orig=40F|orig.time=7:30AM
1816	2	29	17	39	0	5.6	orig=42F|orig.time=1:00PM
1816	2	29	22	31	0	3.9	orig=39F|orig.time=sunset
1816	3	1	12	9	0	-1.1	orig=30F|orig.time=7:30AM
1816	3	1	17	39	0	6.9	orig=44.5F|orig.time=1:00PM
1816	3	1	22	32	0	1.4	orig=34.5F|orig.time=sunset
1816	3	2	12	9	0	-4.4	orig=24F|orig.time=7:30AM
1816	3	2	17	39	0	5.8	orig=42.5F|orig.time=1:00PM
1816	3	2	22	33	0	2.5	orig=36.5F|orig.time=sunset
1816	3	3	12	9	0	2.5	orig=36.5F|orig.time=7:30AM
1816	3	3	17	39	0	6.9	orig=44.5F|orig.time=1:00PM
1816	3	3	22	35	0	2.8	orig=37F|orig.time=sunset
1816	3	4	12	9	0	-6.1	orig=21F|orig.time=7:30AM
1816	3	4	17	39	0	-3.9	orig=25F|orig.time=1:00PM
1816	3	4	22	36	0	-4.2	orig=24.5F|orig.time=sunset
1816	3	5	12	9	0	-3.3	orig=26F|orig.time=7:30AM
1816	3	5	17	39	0	0.6	orig=33F|orig.time=1:00PM
1816	3	5	22	37	0	0.8	orig=33.5F|orig.time=sunset
1816	3	6	12	9	0	-6.1	orig=21F|orig.time=7:30AM
1816	3	6	17	39	0	5.8	orig=42.5F|orig.time=1:00PM
1816	3	6	22	39	0	-3.5	orig=25.75F|orig.time=sunset
1816	3	7	12	9	0	-5	orig=23F|orig.time=7:30AM
1816	3	7	17	39	0	2.8	orig=37F|orig.time=1:00PM
1816	3	7	22	40	0	-2.2	orig=28F|orig.time=sunset
1816	3	8	12	9	0	-8.1	orig=17.5F|orig.time=7:30AM
1816	3	8	17	39	0	-6.7	orig=20F|orig.time=1:00PM
1816	3	8	22	41	0	-9.4	orig=15F|orig.time=sunset
1816	3	9	12	9	0	-15.6	orig=4F|orig.time=7:30AM
1816	3	9	17	39	0	-6.1	orig=21F|orig.time=1:00PM
1816	3	9	22	42	0	-9	orig=15.75F|orig.time=sunset
1816	3	10	12	9	0	-8.9	orig=16F|orig.time=7:30AM
1816	3	10	17	39	0	0	orig=32F|orig.time=1:00PM
1816	3	10	22	43	0	0	orig=32F|orig.time=sunset
1816	3	11	12	9	0	-8.9	orig=16F|orig.time=7:30AM
1816	3	11	17	39	0	0.6	orig=33F|orig.time=1:00PM
1816	3	11	22	45	0	-1.7	orig=29F|orig.time=sunset
1816	3	12	12	9	0	-6.1	orig=21F|orig.time=7:30AM
1816	3	12	17	39	0	4.4	orig=40F|orig.time=1:00PM
1816	3	12	22	46	0	0.6	orig=33F|orig.time=sunset
1816	3	13	12	9	0	-7.8	orig=18F|orig.time=7:30AM
1816	3	13	17	39	0	2.2	orig=36F|orig.time=1:00PM
1816	3	13	22	47	0	0	orig=32F|orig.time=sunset
1816	3	14	12	9	0	1.9	orig=35.5F|orig.time=7:30AM
1816	3	14	17	39	0	5.6	orig=42F|orig.time=1:00PM
1816	3	14	22	48	0	4.4	orig=40F|orig.time=sunset
1816	3	15	12	9	0	-11.9	orig=10.5F|orig.time=7:30AM
1816	3	15	17	39	0	-6.1	orig=21F|orig.time=1:00PM
1816	3	15	22	50	0	-6.1	orig=21F|orig.time=sunset
1816	3	16	12	9	0	-10	orig=14F|orig.time=7:30AM
1816	3	16	17	39	0	-1.4	orig=29.5F|orig.time=1:00PM
1816	3	16	22	51	0	-1.1	orig=30F|orig.time=sunset
1816	3	17	12	9	0	-6.1	orig=21F|orig.time=7:30AM
1816	3	17	17	39	0	-3.3	orig=26F|orig.time=1:00PM
1816	3	17	22	52	0	-11.7	orig=11F|orig.time=sunset
1816	3	18	12	9	0	-20	orig=-4F|orig.time=7:30AM
1816	3	18	17	39	0	-11.9	orig=10.5F|orig.time=1:00PM
1816	3	18	22	53	0	-10.8	orig=12.5F|orig.time=sunset
1816	3	19	12	9	0	-13.3	orig=8F|orig.time=7:30AM
1816	3	19	17	39	0	-7.8	orig=18F|orig.time=1:00PM
1816	3	19	22	54	0	-7.9	orig=17.75F|orig.time=sunset
1816	3	20	12	9	0	-8.3	orig=17F|orig.time=7:30AM
1816	3	20	17	39	0	-2.8	orig=27F|orig.time=1:00PM
1816	3	20	22	56	0	-3.1	orig=26.5F|orig.time=sunset
1816	3	21	12	9	0	-1.1	orig=30F|orig.time=7:30AM
1816	3	21	17	39	0	3.1	orig=37.5F|orig.time=1:00PM
1816	3	21	22	57	0	-1.8	orig=28.75F|orig.time=sunset
1816	3	22	12	9	0	-8.6	orig=16.5F|orig.time=7:30AM
1816	3	22	17	39	0	-4.4	orig=24F|orig.time=1:00PM
1816	3	22	22	58	0	-5.6	orig=22F|orig.time=sunset
1816	3	23	12	9	0	-12.2	orig=10F|orig.time=7:30AM
1816	3	23	17	39	0	0.6	orig=33F|orig.time=1:00PM
1816	3	23	22	59	0	-2.2	orig=28F|orig.time=sunset
1816	3	24	12	9	0	-0.6	orig=31F|orig.time=7:30AM
1816	3	24	17	39	0	4.4	orig=40F|orig.time=1:00PM
1816	3	24	23	0	0	1.7	orig=35F|orig.time=sunset
1816	3	25	12	9	0	-2.2	orig=28F|orig.time=7:30AM
1816	3	25	17	39	0	2.8	orig=37F|orig.time=1:00PM
1816	3	25	23	2	0	-1.1	orig=30F|orig.time=sunset
1816	3	26	12	9	0	-1.1	orig=30F|orig.time=7:30AM
1816	3	26	17	39	0	8.1	orig=46.5F|orig.time=1:00PM
1816	3	26	23	3	0	3.3	orig=38F|orig.time=sunset
1816	3	27	12	9	0	-1.7	orig=29F|orig.time=7:30AM
1816	3	27	17	39	0	9.3	orig=48.75F|orig.time=1:00PM
1816	3	27	23	4	0	4.4	orig=40F|orig.time=sunset
1816	3	28	12	9	0	2.8	orig=37F|orig.time=7:30AM
1816	3	28	17	39	0	6.7	orig=44F|orig.time=1:00PM
1816	3	28	23	5	0	3.3	orig=38F|orig.time=sunset
1816	3	29	12	9	0	-4.4	orig=24F|orig.time=7:30AM
1816	3	29	17	39	0	-4.7	orig=23.5F|orig.time=1:00PM
1816	3	29	23	6	0	-6.1	orig=21F|orig.time=sunset
1816	3	30	12	9	0	-7.8	orig=18F|orig.time=7:30AM
1816	3	30	17	39	0	-1.1	orig=30F|orig.time=1:00PM
1816	3	30	23	8	0	-1.9	orig=28.5F|orig.time=sunset
1816	3	31	12	9	0	2.8	orig=37F|orig.time=7:30AM
1816	3	31	17	39	0	5.6	orig=42F|orig.time=1:00PM
1816	3	31	23	9	0	2.6	orig=36.75F|orig.time=sunset
1816	4	1	12	9	0	3.1	orig=37.5F|orig.time=7:30AM
1816	4	1	17	39	0	7.8	orig=46F|orig.time=1:00PM
1816	4	1	23	10	0	6.4	orig=43.5F|orig.time=sunset
1816	4	2	12	9	0	4.4	orig=40F|orig.time=7:30AM
1816	4	2	17	39	0	6.1	orig=43F|orig.time=1:00PM
1816	4	2	23	11	0	0	orig=32F|orig.time=sunset
1816	4	3	12	9	0	-3.6	orig=25.5F|orig.time=7:30AM
1816	4	3	17	39	0	1.7	orig=35F|orig.time=1:00PM
1816	4	3	23	12	0	2.2	orig=36F|orig.time=sunset
1816	4	4	12	9	0	0	orig=32F|orig.time=7:30AM
1816	4	4	17	39	0	6.4	orig=43.5F|orig.time=1:00PM
1816	4	4	23	14	0	2.8	orig=37F|orig.time=sunset
1816	4	5	12	9	0	1.7	orig=35F|orig.time=7:30AM
1816	4	5	17	39	0	10.8	orig=51.5F|orig.time=1:00PM
1816	4	5	23	15	0	5	orig=41F|orig.time=sunset
1816	4	6	12	9	0	5.6	orig=42F|orig.time=7:30AM
1816	4	6	17	39	0	8.9	orig=48F|orig.time=1:00PM
1816	4	6	23	16	0	7.2	orig=45F|orig.time=sunset
1816	4	7	12	9	0	2.2	orig=36F|orig.time=7:30AM
1816	4	7	17	39	0	5.3	orig=41.5F|orig.time=1:00PM
1816	4	7	23	17	0	2.8	orig=37F|orig.time=sunset
1816	4	8	12	9	0	0	orig=32F|orig.time=7:30AM
1816	4	8	17	39	0	7.9	orig=46.25F|orig.time=1:00PM
1816	4	8	23	18	0	4.7	orig=40.5F|orig.time=sunset
1816	4	9	12	9	0	4.4	orig=40F|orig.time=7:30AM
1816	4	9	17	39	0	12.2	orig=54F|orig.time=1:00PM
1816	4	9	23	20	0	11.1	orig=52F|orig.time=sunset
1816	4	10	12	9	0	-2.8	orig=27F|orig.time=7:30AM
1816	4	10	17	39	0	-0.6	orig=31F|orig.time=1:00PM
1816	4	10	23	21	0	-1.9	orig=28.5F|orig.time=sunset
1816	4	11	12	9	0	-3.9	orig=25F|orig.time=7:30AM
1816	4	11	17	39	0	1.4	orig=34.5F|orig.time=1:00PM
1816	4	11	23	22	0	-1.1	orig=30F|orig.time=sunset
1816	4	12	12	9	0	-0.6	orig=31F|orig.time=7:30AM
1816	4	12	17	39	0	3.3	orig=38F|orig.time=1:00PM
1816	4	12	23	23	0	0.6	orig=33F|orig.time=sunset
1816	4	13	12	9	0	4.4	orig=40F|orig.time=7:30AM
1816	4	13	17	39	0	6.9	orig=44.5F|orig.time=1:00PM
1816	4	13	23	24	0	2.5	orig=36.5F|orig.time=sunset
1816	4	14	12	9	0	3.3	orig=38F|orig.time=7:30AM
1816	4	14	17	39	0	9.7	orig=49.5F|orig.time=1:00PM
1816	4	14	23	26	0	3.1	orig=37.5F|orig.time=sunset
1816	4	15	12	9	0	-1.1	orig=30F|orig.time=7:30AM
1816	4	15	17	39	0	5.6	orig=42F|orig.time=1:00PM
1816	4	15	23	27	0	0.8	orig=33.5F|orig.time=sunset
1816	4	16	12	9	0	-0.6	orig=31F|orig.time=7:30AM
1816	4	16	17	39	0	5.8	orig=42.5F|orig.time=1:00PM
1816	4	16	23	28	0	1.1	orig=34F|orig.time=sunset
1816	4	17	12	9	0	0.3	orig=32.5F|orig.time=7:30AM
1816	4	17	17	39	0	7.5	orig=45.5F|orig.time=1:00PM
1816	4	17	23	29	0	3.3	orig=38F|orig.time=sunset
1816	4	18	12	9	0	2.2	orig=36F|orig.time=7:30AM
1816	4	18	17	39	0	8.9	orig=48F|orig.time=1:00PM
1816	4	18	23	31	0	1.7	orig=35F|orig.time=sunset
1816	4	19	12	9	0	2.8	orig=37F|orig.time=7:30AM
1816	4	19	17	39	0	7.2	orig=45F|orig.time=1:00PM
1816	4	19	23	32	0	2.2	orig=36F|orig.time=sunset
1816	4	20	12	9	0	4.4	orig=40F|orig.time=7:30AM
1816	4	20	17	39	0	10.8	orig=51.5F|orig.time=1:00PM
1816	4	20	23	33	0	5.6	orig=42F|orig.time=sunset
1816	4	21	12	9	0	4.4	orig=40F|orig.time=7:30AM
1816	4	21	17	39	0	10.6	orig=51F|orig.time=1:00PM
1816	4	21	23	34	0	5	orig=41F|orig.time=sunset
1816	4	22	12	9	0	3.9	orig=39F|orig.time=7:30AM
1816	4	22	17	39	0	6.7	orig=44F|orig.time=1:00PM
1816	4	22	23	35	0	6.7	orig=44F|orig.time=sunset
1816	4	23	12	9	0	5.8	orig=42.5F|orig.time=7:30AM
1816	4	23	17	39	0	11.1	orig=52F|orig.time=1:00PM
1816	4	23	23	37	0	8.3	orig=47F|orig.time=sunset
1816	4	24	12	9	0	6.9	orig=44.5F|orig.time=7:30AM
1816	4	24	17	39	0	13.9	orig=57F|orig.time=1:00PM
1816	4	24	23	38	0	5	orig=41F|orig.time=sunset
1816	4	25	12	9	0	5.6	orig=42F|orig.time=7:30AM
1816	4	25	17	39	0	15.6	orig=60F|orig.time=1:00PM
1816	4	25	23	39	0	8.3	orig=47F|orig.time=sunset
1816	4	26	12	9	0	7.2	orig=45F|orig.time=7:30AM
1816	4	26	17	39	0	17.2	orig=63F|orig.time=1:00PM
1816	4	26	23	40	0	7.2	orig=45F|orig.time=sunset
1816	4	27	12	9	0	7.2	orig=45F|orig.time=7:30AM
1816	4	27	17	39	0	15.6	orig=60F|orig.time=1:00PM
1816	4	27	23	41	0	6.9	orig=44.5F|orig.time=sunset
1816	4	28	12	9	0	6.9	orig=44.5F|orig.time=7:30AM
1816	4	28	17	39	0	19.7	orig=67.5F|orig.time=1:00PM
1816	4	28	23	43	0	15.6	orig=60F|orig.time=sunset
1816	4	29	12	9	0	11.7	orig=53F|orig.time=7:30AM
1816	4	29	17	39	0	15.6	orig=60F|orig.time=1:00PM
1816	4	29	23	44	0	7.2	orig=45F|orig.time=sunset
1816	4	30	12	9	0	7.2	orig=45F|orig.time=7:30AM
1816	4	30	17	39	0	26.9	orig=80.5F|orig.time=1:00PM
1816	4	30	23	45	0	17.8	orig=64F|orig.time=sunset
1816	5	1	12	9	0	17.2	orig=63F|orig.time=7:30AM
1816	5	1	17	39	0	21.1	orig=70F|orig.time=1:00PM
1816	5	1	23	46	0	6.9	orig=44.5F|orig.time=sunset
1816	5	2	12	9	0	3.3	orig=38F|orig.time=7:30AM
1816	5	2	17	39	0	10.6	orig=51F|orig.time=1:00PM
1816	5	2	23	47	0	4.2	orig=39.5F|orig.time=sunset
1816	5	3	12	9	0	6.9	orig=44.5F|orig.time=7:30AM
1816	5	3	17	39	0	16.4	orig=61.5F|orig.time=1:00PM
1816	5	3	23	49	0	17.2	orig=63F|orig.time=sunset
1816	5	4	12	9	0	6.1	orig=43F|orig.time=7:30AM
1816	5	4	17	39	0	9.2	orig=48.5F|orig.time=1:00PM
1816	5	4	23	50	0	5	orig=41F|orig.time=sunset
1816	5	5	12	9	0	5.6	orig=42F|orig.time=7:30AM
1816	5	5	17	39	0	9.2	orig=48.5F|orig.time=1:00PM
1816	5	5	23	51	0	6.7	orig=44F|orig.time=sunset
1816	5	6	12	9	0	10.3	orig=50.5F|orig.time=7:30AM
1816	5	6	17	39	0	15.6	orig=60F|orig.time=1:00PM
1816	5	6	23	52	0	11.7	orig=53F|orig.time=sunset
1816	5	7	12	9	0	8.9	orig=48F|orig.time=7:30AM
1816	5	7	17	39	0	17.5	orig=63.5F|orig.time=1:00PM
1816	5	7	23	53	0	9.4	orig=49F|orig.time=sunset
1816	5	8	12	9	0	6.7	orig=44F|orig.time=7:30AM
1816	5	8	17	39	0	13.8	orig=56.75F|orig.time=1:00PM
1816	5	8	23	54	0	10	orig=50F|orig.time=sunset
1816	5	9	12	9	0	6.4	orig=43.5F|orig.time=7:30AM
1816	5	9	17	39	0	10	orig=50F|orig.time=1:00PM
1816	5	9	23	56	0	5.6	orig=42F|orig.time=sunset
1816	5	10	12	9	0	4.4	orig=40F|orig.time=7:30AM
1816	5	10	17	39	0	15	orig=59F|orig.time=1:00PM
1816	5	10	23	57	0	7.8	orig=46F|orig.time=sunset
1816	5	11	12	9	0	9.2	orig=48.5F|orig.time=7:30AM
1816	5	11	17	39	0	16.1	orig=61F|orig.time=1:00PM
1816	5	11	23	58	0	8.3	orig=47F|orig.time=sunset
1816	5	12	12	9	0	7.2	orig=45F|orig.time=7:30AM
1816	5	12	17	39	0	8.9	orig=48F|orig.time=1:00PM
1816	5	12	23	59	0	7.2	orig=45F|orig.time=sunset
1816	5	13	12	9	0	10.6	orig=51F|orig.time=7:30AM
1816	5	13	17	39	0	15	orig=59F|orig.time=1:00PM
1816	5	14	0	0	0	10	orig=50F|orig.time=sunset
1816	5	14	12	9	0	8.6	orig=47.5F|orig.time=7:30AM
1816	5	14	17	39	0	9.4	orig=49F|orig.time=1:00PM
1816	5	15	0	1	0	6.1	orig=43F|orig.time=sunset
1816	5	15	12	9	0	1.4	orig=34.5F|orig.time=7:30AM
1816	5	15	17	39	0	11.5	orig=52.75F|orig.time=1:00PM
1816	5	16	0	2	0	6.1	orig=43F|orig.time=sunset
1816	5	16	12	9	0	8.3	orig=47F|orig.time=7:30AM
1816	5	16	17	39	0	16.7	orig=62F|orig.time=1:00PM
1816	5	17	0	3	0	7.2	orig=45F|orig.time=sunset
1816	5	17	12	9	0	5.6	orig=42F|orig.time=7:30AM
1816	5	17	17	39	0	10	orig=50F|orig.time=1:00PM
1816	5	18	0	4	0	7.8	orig=46F|orig.time=sunset
1816	5	18	12	9	0	4.4	orig=40F|orig.time=7:30AM
1816	5	18	17	39	0	11.1	orig=52F|orig.time=1:00PM
1816	5	19	0	5	0	8.3	orig=47F|orig.time=sunset
1816	5	19	12	9	0	11.1	orig=52F|orig.time=7:30AM
1816	5	19	17	39	0	16.1	orig=61F|orig.time=1:00PM
1816	5	20	0	6	0	10.6	orig=51F|orig.time=sunset
1816	5	20	12	9	0	10.6	orig=51F|orig.time=7:30AM
1816	5	20	17	39	0	20.8	orig=69.5F|orig.time=1:00PM
1816	5	21	0	7	0	16.1	orig=61F|orig.time=sunset
1816	5	21	12	9	0	14.4	orig=58F|orig.time=7:30AM
1816	5	21	17	39	0	18.9	orig=66F|orig.time=1:00PM
1816	5	22	12	9	0	12.2	orig=54F|orig.time=7:30AM
1816	5	22	17	39	0	24.4	orig=76F|orig.time=1:00PM
1816	5	23	0	9	0	15	orig=59F|orig.time=sunset
1816	5	23	12	9	0	6.1	orig=43F|orig.time=7:30AM
1816	5	23	17	39	0	8.9	orig=48F|orig.time=1:00PM
1816	5	24	0	10	0	5.3	orig=41.5F|orig.time=sunset
1816	5	24	12	9	0	4.4	orig=40F|orig.time=7:30AM
1816	5	24	17	39	0	15	orig=59F|orig.time=1:00PM
1816	5	25	0	11	0	7.2	orig=45F|orig.time=sunset
1816	5	25	12	9	0	8.9	orig=48F|orig.time=7:30AM
1816	5	25	17	39	0	13.6	orig=56.5F|orig.time=1:00PM
1816	5	26	0	12	0	10	orig=50F|orig.time=sunset
1816	6	1	12	9	0	10	orig=50F|orig.time=7:30AM
1816	6	1	17	39	0	23.9	orig=75F|orig.time=1:00PM
1816	6	2	0	18	0	11.1	orig=52F|orig.time=sunset
1816	6	2	12	9	0	13.3	orig=56F|orig.time=7:30AM
1816	6	2	17	39	0	25	orig=77F|orig.time=1:00PM
1816	6	3	0	19	0	12.2	orig=54F|orig.time=sunset
1816	6	3	12	9	0	15.6	orig=60F|orig.time=7:30AM
1816	6	3	17	39	0	20	orig=68F|orig.time=1:00PM
1816	6	4	0	19	0	16.7	orig=62F|orig.time=sunset
1816	6	4	12	9	0	6.7	orig=44F|orig.time=7:30AM
1816	6	4	17	39	0	12.5	orig=54.5F|orig.time=1:00PM
1816	6	5	0	20	0	8.3	orig=47F|orig.time=sunset
1816	6	5	12	9	0	12.2	orig=54F|orig.time=7:30AM
1816	6	5	17	39	0	24.4	orig=76F|orig.time=1:00PM
1816	6	6	0	21	0	15	orig=59F|orig.time=sunset
1816	6	6	12	9	0	6.7	orig=44F|orig.time=7:30AM
1816	6	6	17	39	0	9.7	orig=49.5F|orig.time=1:00PM
1816	6	7	0	21	0	5	orig=41F|orig.time=sunset
1816	6	7	12	9	0	5	orig=41F|orig.time=7:30AM
1816	6	7	17	39	0	8.6	orig=47.5F|orig.time=1:00PM
1816	6	8	12	9	0	3.1	orig=37.5F|orig.time=7:30AM
1816	6	8	17	39	0	10	orig=50F|orig.time=1:00PM
1816	6	9	12	9	0	7.2	orig=45F|orig.time=7:30AM
1816	6	9	17	39	0	10	orig=50F|orig.time=1:00PM
1816	6	10	12	9	0	5.6	orig=42F|orig.time=7:30AM
1816	6	10	17	39	0	11.4	orig=52.5F|orig.time=1:00PM
1816	6	11	12	9	0	7.2	orig=45F|orig.time=7:30AM
1816	6	11	17	39	0	16.9	orig=62.5F|orig.time=1:00PM
1816	6	12	12	9	0	9.4	orig=49F|orig.time=7:30AM
1816	6	12	17	39	0	16.4	orig=61.5F|orig.time=1:00PM
1816	6	13	12	9	0	8.9	orig=48F|orig.time=7:30AM
1816	6	13	17	39	0	22.8	orig=73F|orig.time=1:00PM
1816	6	14	12	9	0	8.9	orig=48F|orig.time=7:30AM
1816	6	14	17	39	0	14.2	orig=57.5F|orig.time=1:00PM
1816	6	15	12	9	0	11.1	orig=52F|orig.time=7:30AM
1816	6	15	17	39	0	13.3	orig=56F|orig.time=1:00PM
1816	6	16	12	9	0	12.8	orig=55F|orig.time=7:30AM
1816	6	16	17	39	0	18.9	orig=66F|orig.time=1:00PM
1816	6	17	12	9	0	12.2	orig=54F|orig.time=7:30AM
1816	6	17	17	39	0	20.6	orig=69F|orig.time=1:00PM
1816	6	18	12	9	0	12.2	orig=54F|orig.time=7:30AM
1816	6	18	17	39	0	16.9	orig=62.5F|orig.time=1:00PM
1816	6	19	12	9	0	18.3	orig=65F|orig.time=7:30AM
1816	6	19	17	39	0	23.6	orig=74.5F|orig.time=1:00PM
1816	6	20	12	9	0	12.2	orig=54F|orig.time=7:30AM
1816	6	20	17	39	0	19.4	orig=67F|orig.time=1:00PM
1816	6	21	12	9	0	15.6	orig=60F|orig.time=7:30AM
1816	6	21	17	39	0	24.4	orig=76F|orig.time=1:00PM
1816	6	22	0	26	0	19.4	orig=67F|orig.time=sunset
1816	6	22	12	9	0	19.4	orig=67F|orig.time=7:30AM
1816	6	22	17	39	0	34.2	orig=93.5F|orig.time=1:00PM
1816	6	23	12	9	0	20	orig=68F|orig.time=7:30AM
1816	6	23	17	39	0	31.1	orig=88F|orig.time=1:00PM
1816	6	24	0	26	0	25	orig=77F|orig.time=sunset
1816	6	24	12	9	0	23.9	orig=75F|orig.time=7:30AM
1816	6	24	17	39	0	33.9	orig=93F|orig.time=1:00PM
1816	6	25	12	9	0	14.4	orig=58F|orig.time=7:30AM
1816	6	25	17	39	0	16.1	orig=61F|orig.time=1:00PM
1816	6	26	12	9	0	14.4	orig=58F|orig.time=7:30AM
1816	6	26	17	39	0	20.6	orig=69F|orig.time=1:00PM
1816	6	27	12	9	0	12.8	orig=55F|orig.time=7:30AM
1816	6	27	17	39	0	16.1	orig=61F|orig.time=1:00PM
1816	6	28	12	9	0	16.1	orig=61F|orig.time=7:30AM
1816	6	28	17	39	0	23.3	orig=74F|orig.time=1:00PM
1816	6	29	12	9	0	12.8	orig=55F|orig.time=7:30AM
1816	6	29	17	39	0	18.9	orig=66F|orig.time=1:00PM
1816	6	30	12	9	0	14.4	orig=58F|orig.time=7:30AM
1816	6	30	17	39	0	21.7	orig=71F|orig.time=1:00PM
1816	7	1	12	9	0	14.4	orig=58F|orig.time=7:30AM
1816	7	1	17	39	0	21.1	orig=70F|orig.time=1:00PM
1816	7	2	0	25	0	12.8	orig=55F|orig.time=sunset
1816	7	2	12	9	0	15.6	orig=60F|orig.time=7:30AM
1816	7	2	17	39	0	24.9	orig=76.75F|orig.time=1:00PM
1816	7	3	0	25	0	15.6	orig=60F|orig.time=sunset
1816	7	3	12	9	0	17.2	orig=63F|orig.time=7:30AM
1816	7	3	17	39	0	20.3	orig=68.5F|orig.time=1:00PM
1816	7	4	0	25	0	17.2	orig=63F|orig.time=sunset
1816	7	4	12	9	0	16.7	orig=62F|orig.time=7:30AM
1816	7	4	17	39	0	18.9	orig=66F|orig.time=1:00PM
1816	7	5	0	24	0	13.3	orig=56F|orig.time=sunset
1816	7	5	12	9	0	18.3	orig=65F|orig.time=7:30AM
1816	7	5	17	39	0	26.1	orig=79F|orig.time=1:00PM
1816	7	6	0	24	0	17.2	orig=63F|orig.time=sunset
1816	7	6	12	9	0	17.2	orig=63F|orig.time=7:30AM
1816	7	6	17	39	0	23.3	orig=74F|orig.time=1:00PM
1816	7	7	0	23	0	11.7	orig=53F|orig.time=sunset
1816	7	7	12	9	0	11.9	orig=53.5F|orig.time=7:30AM
1816	7	7	17	39	0	17.2	orig=63F|orig.time=1:00PM
1816	7	8	0	23	0	12.8	orig=55F|orig.time=sunset
1816	7	8	12	9	0	13.9	orig=57F|orig.time=7:30AM
1816	7	8	17	39	0	20.3	orig=68.5F|orig.time=1:00PM
1816	7	9	0	22	0	12.8	orig=55F|orig.time=sunset
1816	7	9	12	9	0	11.7	orig=53F|orig.time=7:30AM
1816	7	9	17	39	0	20.6	orig=69F|orig.time=1:00PM
1816	7	10	0	22	0	12.2	orig=54F|orig.time=sunset
1816	7	10	12	9	0	15.6	orig=60F|orig.time=7:30AM
1816	7	10	17	39	0	23.9	orig=75F|orig.time=1:00PM
1816	7	11	0	21	0	15.8	orig=60.5F|orig.time=sunset
1816	7	11	12	9	0	17.2	orig=63F|orig.time=7:30AM
1816	7	11	17	39	0	19.2	orig=66.5F|orig.time=1:00PM
1816	7	12	0	21	0	14.7	orig=58.5F|orig.time=sunset
1816	7	12	12	9	0	20	orig=68F|orig.time=7:30AM
1816	7	12	17	39	0	24.2	orig=75.5F|orig.time=1:00PM
1816	7	13	0	20	0	18.3	orig=65F|orig.time=sunset
1816	7	13	12	9	0	18.3	orig=65F|orig.time=7:30AM
1816	7	13	17	39	0	25.6	orig=78F|orig.time=1:00PM
1816	7	14	0	19	0	17.8	orig=64F|orig.time=sunset
1816	7	14	12	9	0	18.3	orig=65F|orig.time=7:30AM
1816	7	14	17	39	0	25	orig=77F|orig.time=1:00PM
1816	7	15	0	18	0	14.4	orig=58F|orig.time=sunset
1816	7	15	12	9	0	17.2	orig=63F|orig.time=7:30AM
1816	7	15	17	39	0	22.2	orig=72F|orig.time=1:00PM
1816	7	16	0	18	0	16.1	orig=61F|orig.time=sunset
1816	7	16	12	9	0	17.2	orig=63F|orig.time=7:30AM
1816	7	16	17	39	0	21.1	orig=70F|orig.time=1:00PM
1816	7	17	0	17	0	18.1	orig=64.5F|orig.time=sunset
1816	7	17	12	9	0	17.8	orig=64F|orig.time=7:30AM
1816	7	17	17	39	0	23.3	orig=74F|orig.time=1:00PM
1816	7	18	0	16	0	18.3	orig=65F|orig.time=sunset
1816	7	18	12	9	0	17.2	orig=63F|orig.time=7:30AM
1816	7	18	17	39	0	19.7	orig=67.5F|orig.time=1:00PM
1816	7	19	0	15	0	18.3	orig=65F|orig.time=sunset
1816	7	19	12	9	0	17.8	orig=64F|orig.time=7:30AM
1816	7	19	17	39	0	19.4	orig=67F|orig.time=1:00PM
1816	7	20	0	14	0	16.7	orig=62F|orig.time=sunset
1816	7	20	12	9	0	19.4	orig=67F|orig.time=7:30AM
1816	7	20	17	39	0	24.4	orig=76F|orig.time=1:00PM
1816	7	21	0	13	0	18.1	orig=64.5F|orig.time=sunset
1816	7	21	12	9	0	19.4	orig=67F|orig.time=7:30AM
1816	7	21	17	39	0	25.6	orig=78F|orig.time=1:00PM
1816	7	22	0	12	0	18.3	orig=65F|orig.time=sunset
1816	7	22	12	9	0	18.3	orig=65F|orig.time=7:30AM
1816	7	22	17	39	0	23.3	orig=74F|orig.time=1:00PM
1816	7	23	0	11	0	17.8	orig=64F|orig.time=sunset
1816	7	23	12	9	0	16.7	orig=62F|orig.time=7:30AM
1816	7	23	17	39	0	22.5	orig=72.5F|orig.time=1:00PM
1816	7	24	0	10	0	15.6	orig=60F|orig.time=sunset
1816	7	24	12	9	0	17.5	orig=63.5F|orig.time=7:30AM
1816	7	24	17	39	0	26.1	orig=79F|orig.time=1:00PM
1816	7	25	0	9	0	15.6	orig=60F|orig.time=sunset
1816	7	25	12	9	0	18.3	orig=65F|orig.time=7:30AM
1816	7	25	17	39	0	21.9	orig=71.5F|orig.time=1:00PM
1816	7	26	0	8	0	16.4	orig=61.5F|orig.time=sunset
1816	7	26	12	9	0	17.2	orig=63F|orig.time=7:30AM
1816	7	26	17	39	0	24.2	orig=75.5F|orig.time=1:00PM
1816	7	27	0	7	0	19.4	orig=67F|orig.time=sunset
1816	7	27	12	9	0	18.3	orig=65F|orig.time=7:30AM
1816	7	27	17	39	0	23.9	orig=75F|orig.time=1:00PM
1816	7	28	0	6	0	16.7	orig=62F|orig.time=sunset
1816	7	28	12	9	0	16.1	orig=61F|orig.time=7:30AM
1816	7	28	17	39	0	20	orig=68F|orig.time=1:00PM
1816	7	29	0	5	0	15	orig=59F|orig.time=sunset
1816	7	29	12	9	0	15	orig=59F|orig.time=7:30AM
1816	7	29	17	39	0	20.8	orig=69.5F|orig.time=1:00PM
1816	7	30	0	4	0	17.8	orig=64F|orig.time=sunset
1816	7	30	12	9	0	15.6	orig=60F|orig.time=7:30AM
1816	7	30	17	39	0	24.2	orig=75.5F|orig.time=1:00PM
1816	7	31	0	2	0	16.1	orig=61F|orig.time=sunset
1816	7	31	12	9	0	16.7	orig=62F|orig.time=7:30AM
1816	7	31	17	39	0	24.7	orig=76.5F|orig.time=1:00PM
1816	8	1	12	9	0	17.8	orig=64F|orig.time=7:30AM
1816	8	1	17	39	0	27.8	orig=82F|orig.time=1:00PM
1816	8	2	0	0	0	18.3	orig=65F|orig.time=sunset
1816	8	2	12	9	0	18.9	orig=66F|orig.time=7:30AM
1816	8	2	17	39	0	29.4	orig=85F|orig.time=1:00PM
1816	8	2	23	59	0	18.9	orig=66F|orig.time=sunset
1816	8	3	12	9	0	18.6	orig=65.5F|orig.time=7:30AM
1816	8	3	17	39	0	25.8	orig=78.5F|orig.time=1:00PM
1816	8	3	23	57	0	18.9	orig=66F|orig.time=sunset
1816	8	4	12	9	0	16.7	orig=62F|orig.time=7:30AM
1816	8	4	17	39	0	21.7	orig=71F|orig.time=1:00PM
1816	8	4	23	56	0	14.4	orig=58F|orig.time=sunset
1816	8	5	12	9	0	15.6	orig=60F|orig.time=7:30AM
1816	8	5	17	39	0	20.3	orig=68.5F|orig.time=1:00PM
1816	8	5	23	54	0	17.2	orig=63F|orig.time=sunset
1816	8	6	12	9	0	17.8	orig=64F|orig.time=7:30AM
1816	8	6	17	39	0	26.7	orig=80F|orig.time=1:00PM
1816	8	6	23	53	0	18.3	orig=65F|orig.time=sunset
1816	8	7	12	9	0	18.9	orig=66F|orig.time=7:30AM
1816	8	7	17	39	0	24.4	orig=76F|orig.time=1:00PM
1816	8	7	23	52	0	20.6	orig=69F|orig.time=sunset
1816	8	8	12	9	0	17.2	orig=63F|orig.time=7:30AM
1816	8	8	17	39	0	23.9	orig=75F|orig.time=1:00PM
1816	8	8	23	50	0	16.1	orig=61F|orig.time=sunset
1816	8	9	12	9	0	16.7	orig=62F|orig.time=7:30AM
1816	8	9	17	39	0	25	orig=77F|orig.time=1:00PM
1816	8	9	23	49	0	17.2	orig=63F|orig.time=sunset
1816	8	10	12	9	0	15.6	orig=60F|orig.time=7:30AM
1816	8	10	17	39	0	27.2	orig=81F|orig.time=1:00PM
1816	8	10	23	47	0	17.8	orig=64F|orig.time=sunset
1816	8	11	12	9	0	18.9	orig=66F|orig.time=7:30AM
1816	8	11	17	39	0	26.1	orig=79F|orig.time=1:00PM
1816	8	11	23	46	0	18.9	orig=66F|orig.time=sunset
1816	8	12	12	9	0	17.8	orig=64F|orig.time=7:30AM
1816	8	12	17	39	0	26.1	orig=79F|orig.time=1:00PM
1816	8	12	23	44	0	22.2	orig=72F|orig.time=sunset
1816	8	13	12	9	0	20	orig=68F|orig.time=7:30AM
1816	8	13	17	39	0	26.7	orig=80F|orig.time=1:00PM
1816	8	13	23	43	0	20	orig=68F|orig.time=sunset
1816	8	14	12	9	0	17.2	orig=63F|orig.time=7:30AM
1816	8	14	17	39	0	22.8	orig=73F|orig.time=1:00PM
1816	8	14	23	41	0	16.1	orig=61F|orig.time=sunset
1816	8	15	12	9	0	16.1	orig=61F|orig.time=7:30AM
1816	8	15	17	39	0	20.1	orig=68.25F|orig.time=1:00PM
1816	8	15	23	40	0	17.2	orig=63F|orig.time=sunset
1816	8	16	12	9	0	21.1	orig=70F|orig.time=7:30AM
1816	8	16	17	39	0	27.6	orig=81.75F|orig.time=1:00PM
1816	8	16	23	38	0	22.2	orig=72F|orig.time=sunset
1816	8	17	12	9	0	21.1	orig=70F|orig.time=7:30AM
1816	8	17	17	39	0	26.9	orig=80.5F|orig.time=1:00PM
1816	8	17	23	36	0	20	orig=68F|orig.time=sunset
1816	8	18	12	9	0	17.8	orig=64F|orig.time=7:30AM
1816	8	18	17	39	0	27.2	orig=81F|orig.time=1:00PM
1816	8	18	23	35	0	25.6	orig=78F|orig.time=sunset
1816	8	19	12	9	0	21.1	orig=70F|orig.time=7:30AM
1816	8	19	17	39	0	30.3	orig=86.5F|orig.time=1:00PM
1816	8	19	23	33	0	21.1	orig=70F|orig.time=sunset
1816	8	20	12	9	0	21.1	orig=70F|orig.time=7:30AM
1816	8	20	17	39	0	19.2	orig=66.5F|orig.time=1:00PM
1816	8	20	23	32	0	20	orig=68F|orig.time=sunset
1816	8	21	12	9	0	11.1	orig=52F|orig.time=7:30AM
1816	8	21	17	39	0	16.1	orig=61F|orig.time=1:00PM
1816	8	21	23	30	0	13.9	orig=57F|orig.time=sunset
1816	8	22	12	9	0	10	orig=50F|orig.time=7:30AM
1816	8	22	17	39	0	20	orig=68F|orig.time=1:00PM
1816	8	22	23	28	0	14.4	orig=58F|orig.time=sunset
1816	8	23	12	9	0	15.6	orig=60F|orig.time=7:30AM
1816	8	23	17	39	0	18.6	orig=65.5F|orig.time=1:00PM
1816	8	23	23	26	0	13.9	orig=57F|orig.time=sunset
1816	8	24	12	9	0	13.3	orig=56F|orig.time=7:30AM
1816	8	24	17	39	0	24.2	orig=75.5F|orig.time=1:00PM
1816	8	24	23	25	0	16.7	orig=62F|orig.time=sunset
1816	8	25	12	9	0	12.8	orig=55F|orig.time=7:30AM
1816	8	25	17	39	0	19.4	orig=67F|orig.time=1:00PM
1816	8	25	23	23	0	13.9	orig=57F|orig.time=sunset
1816	8	26	12	9	0	14.4	orig=58F|orig.time=7:30AM
1816	8	26	17	39	0	15.3	orig=59.5F|orig.time=1:00PM
1816	8	26	23	21	0	13.3	orig=56F|orig.time=sunset
1816	8	27	12	9	0	13.9	orig=57F|orig.time=7:30AM
1816	8	27	17	39	0	22.2	orig=72F|orig.time=1:00PM
1816	8	27	23	20	0	16.7	orig=62F|orig.time=sunset
1816	8	28	12	9	0	11.1	orig=52F|orig.time=7:30AM
1816	8	28	17	39	0	17.8	orig=64F|orig.time=1:00PM
1816	8	28	23	18	0	12.2	orig=54F|orig.time=sunset
1816	8	29	12	9	0	12.2	orig=54F|orig.time=7:30AM
1816	8	29	17	39	0	19.7	orig=67.5F|orig.time=1:00PM
1816	8	29	23	16	0	13.6	orig=56.5F|orig.time=sunset
1816	8	30	12	9	0	13.3	orig=56F|orig.time=7:30AM
1816	8	30	17	39	0	20.3	orig=68.5F|orig.time=1:00PM
1816	8	30	23	14	0	15.6	orig=60F|orig.time=sunset
1816	8	31	12	9	0	14.4	orig=58F|orig.time=7:30AM
1816	8	31	17	39	0	16.9	orig=62.5F|orig.time=1:00PM
1816	8	31	23	12	0	13.9	orig=57F|orig.time=sunset
1816	9	1	12	9	0	10.6	orig=51F|orig.time=7:30AM
1816	9	1	17	39	0	15.6	orig=60F|orig.time=1:00PM
1816	9	1	23	11	0	13.3	orig=56F|orig.time=sunset
1816	9	2	12	9	0	13.3	orig=56F|orig.time=7:30AM
1816	9	2	17	39	0	21.7	orig=71F|orig.time=1:00PM
1816	9	2	23	9	0	16.7	orig=62F|orig.time=sunset
1816	9	3	12	9	0	18.9	orig=66F|orig.time=7:30AM
1816	9	3	17	39	0	23.9	orig=75F|orig.time=1:00PM
1816	9	3	23	7	0	20.3	orig=68.5F|orig.time=sunset
1816	9	4	12	9	0	17.8	orig=64F|orig.time=7:30AM
1816	9	4	17	39	0	21.7	orig=71F|orig.time=1:00PM
1816	9	4	23	5	0	14.7	orig=58.5F|orig.time=sunset
1816	9	5	12	9	0	13.9	orig=57F|orig.time=7:30AM
1816	9	5	17	39	0	20	orig=68F|orig.time=1:00PM
1816	9	5	23	3	0	14.7	orig=58.5F|orig.time=sunset
1816	9	6	12	9	0	16.4	orig=61.5F|orig.time=7:30AM
1816	9	6	17	39	0	25.3	orig=77.5F|orig.time=1:00PM
1816	9	6	23	2	0	18.3	orig=65F|orig.time=sunset
1816	9	7	12	9	0	13.3	orig=56F|orig.time=7:30AM
1816	9	7	17	39	0	22.2	orig=72F|orig.time=1:00PM
1816	9	7	23	0	0	17.2	orig=63F|orig.time=sunset
1816	9	8	12	9	0	13.9	orig=57F|orig.time=7:30AM
1816	9	8	17	39	0	21.7	orig=71F|orig.time=1:00PM
1816	9	8	22	58	0	16.7	orig=62F|orig.time=sunset
1816	9	9	12	9	0	16.7	orig=62F|orig.time=7:30AM
1816	9	9	17	39	0	25	orig=77F|orig.time=1:00PM
1816	9	9	22	56	0	17.8	orig=64F|orig.time=sunset
1816	9	10	12	9	0	11.7	orig=53F|orig.time=7:30AM
1816	9	10	17	39	0	18.9	orig=66F|orig.time=1:00PM
1816	9	10	22	54	0	13.9	orig=57F|orig.time=sunset
1816	9	11	12	9	0	8.3	orig=47F|orig.time=7:30AM
1816	9	11	17	39	0	15.6	orig=60F|orig.time=1:00PM
1816	9	11	22	52	0	11.1	orig=52F|orig.time=sunset
1816	9	12	12	9	0	8.3	orig=47F|orig.time=7:30AM
1816	9	12	17	39	0	17.2	orig=63F|orig.time=1:00PM
1816	9	12	22	50	0	11.9	orig=53.5F|orig.time=sunset
1816	9	13	12	9	0	7.2	orig=45F|orig.time=7:30AM
1816	9	13	17	39	0	15.6	orig=60F|orig.time=1:00PM
1816	9	13	22	49	0	11.4	orig=52.5F|orig.time=sunset
1816	9	14	12	9	0	11.7	orig=53F|orig.time=7:30AM
1816	9	14	17	39	0	13.9	orig=57F|orig.time=1:00PM
1816	9	14	22	47	0	12.8	orig=55F|orig.time=sunset
1816	9	15	12	9	0	12.8	orig=55F|orig.time=7:30AM
1816	9	15	17	39	0	17.2	orig=63F|orig.time=1:00PM
1816	9	15	22	45	0	14.2	orig=57.5F|orig.time=sunset
1816	9	16	12	9	0	14.4	orig=58F|orig.time=7:30AM
1816	9	16	17	39	0	21.1	orig=70F|orig.time=1:00PM
1816	9	16	22	43	0	16.4	orig=61.5F|orig.time=sunset
1816	9	17	12	9	0	10	orig=50F|orig.time=7:30AM
1816	9	17	17	39	0	19.2	orig=66.5F|orig.time=1:00PM
1816	9	17	22	41	0	19.4	orig=67F|orig.time=sunset
1816	9	18	12	9	0	8.9	orig=48F|orig.time=7:30AM
1816	9	18	17	39	0	20.6	orig=69F|orig.time=1:00PM
1816	9	18	22	39	0	15	orig=59F|orig.time=sunset
1816	9	19	12	9	0	10.6	orig=51F|orig.time=7:30AM
1816	9	19	17	39	0	20.8	orig=69.5F|orig.time=1:00PM
1816	9	19	22	37	0	14.4	orig=58F|orig.time=sunset
1816	9	20	12	9	0	11.1	orig=52F|orig.time=7:30AM
1816	9	20	17	39	0	20.3	orig=68.5F|orig.time=1:00PM
1816	9	20	22	36	0	16.7	orig=62F|orig.time=sunset
1816	9	21	12	9	0	6.7	orig=44F|orig.time=7:30AM
1816	9	21	17	39	0	16.7	orig=62F|orig.time=1:00PM
1816	9	21	22	34	0	11.1	orig=52F|orig.time=sunset
1816	9	22	12	9	0	7.2	orig=45F|orig.time=7:30AM
1816	9	22	17	39	0	19.2	orig=66.5F|orig.time=1:00PM
1816	9	22	22	32	0	13.3	orig=56F|orig.time=sunset
1816	9	23	12	9	0	9.3	orig=48.75F|orig.time=7:30AM
1816	9	23	17	39	0	21.7	orig=71F|orig.time=1:00PM
1816	9	23	22	30	0	13.3	orig=56F|orig.time=sunset
1816	9	24	12	9	0	11.7	orig=53F|orig.time=7:30AM
1816	9	24	17	39	0	18.9	orig=66F|orig.time=1:00PM
1816	9	24	22	28	0	15.6	orig=60F|orig.time=sunset
1816	9	25	12	9	0	7.2	orig=45F|orig.time=7:30AM
1816	9	25	17	39	0	13.3	orig=56F|orig.time=1:00PM
1816	9	25	22	26	0	8.6	orig=47.5F|orig.time=sunset
1816	9	26	12	9	0	1.7	orig=35F|orig.time=7:30AM
1816	9	26	17	39	0	11.1	orig=52F|orig.time=1:00PM
1816	9	26	22	24	0	5.8	orig=42.5F|orig.time=sunset
1816	9	27	12	9	0	0	orig=32F|orig.time=7:30AM
1816	9	27	17	39	0	11.7	orig=53F|orig.time=1:00PM
1816	9	27	22	23	0	4.4	orig=40F|orig.time=sunset
1816	9	28	12	9	0	0.6	orig=33F|orig.time=7:30AM
1816	9	28	17	39	0	17.8	orig=64F|orig.time=1:00PM
1816	9	28	22	21	0	9.4	orig=49F|orig.time=sunset
1816	9	29	12	9	0	4.4	orig=40F|orig.time=7:30AM
1816	9	29	17	39	0	20.8	orig=69.5F|orig.time=1:00PM
1816	9	29	22	19	0	11.9	orig=53.5F|orig.time=sunset
1816	9	30	12	9	0	11.1	orig=52F|orig.time=7:30AM
1816	9	30	17	39	0	26.1	orig=79F|orig.time=1:00PM
1816	9	30	22	17	0	15.6	orig=60F|orig.time=sunset
1816	10	1	12	9	0	8.9	orig=48F|orig.time=7:30AM
1816	10	1	17	39	0	23.9	orig=75F|orig.time=1:00PM
1816	10	2	12	9	0	10.6	orig=51F|orig.time=7:30AM
1816	10	2	17	39	0	21.4	orig=70.5F|orig.time=1:00PM
1816	10	3	12	9	0	8.3	orig=47F|orig.time=7:30AM
1816	10	3	17	39	0	21.4	orig=70.5F|orig.time=1:00PM
1816	10	4	12	9	0	4.4	orig=40F|orig.time=7:30AM
1816	10	4	17	39	0	9.4	orig=49F|orig.time=1:00PM
1816	10	5	12	9	0	-1.1	orig=30F|orig.time=7:30AM
1816	10	5	17	39	0	11.7	orig=53F|orig.time=1:00PM
1816	10	6	12	9	0	5.6	orig=42F|orig.time=7:30AM
1816	10	6	17	39	0	8.3	orig=47F|orig.time=1:00PM
1816	10	7	12	9	0	11.1	orig=52F|orig.time=7:30AM
1816	10	7	17	39	0	6.9	orig=44.5F|orig.time=1:00PM
1816	10	7	22	5	0	7.2	orig=45F|orig.time=sunset
1816	10	8	12	9	0	12.2	orig=54F|orig.time=7:30AM
1816	10	8	17	39	0	14.4	orig=58F|orig.time=1:00PM
1816	10	9	12	9	0	10	orig=50F|orig.time=7:30AM
1816	10	9	17	39	0	16.1	orig=61F|orig.time=1:00PM
1816	10	9	22	1	0	10	orig=50F|orig.time=sunset
1816	10	10	12	9	0	8.1	orig=46.5F|orig.time=7:30AM
1816	10	10	17	39	0	8.3	orig=47F|orig.time=1:00PM
1816	10	11	12	9	0	6.9	orig=44.5F|orig.time=7:30AM
1816	10	11	17	39	0	13.9	orig=57F|orig.time=1:00PM
1816	10	11	21	58	0	7.2	orig=45F|orig.time=sunset
1816	10	12	12	9	0	1.7	orig=35F|orig.time=7:30AM
1816	10	12	17	39	0	13.3	orig=56F|orig.time=1:00PM
1816	10	12	21	56	0	8.9	orig=48F|orig.time=sunset
1816	10	13	12	9	0	0.6	orig=33F|orig.time=7:30AM
1816	10	13	17	39	0	13.9	orig=57F|orig.time=1:00PM
1816	10	13	21	54	0	8.9	orig=48F|orig.time=sunset
1816	10	14	12	9	0	8.3	orig=47F|orig.time=7:30AM
1816	10	14	17	39	0	16.7	orig=62F|orig.time=1:00PM
1816	10	14	21	53	0	12.2	orig=54F|orig.time=sunset
1816	10	15	12	9	0	11.4	orig=52.5F|orig.time=7:30AM
1816	10	15	17	39	0	18.3	orig=65F|orig.time=1:00PM
1816	10	15	21	51	0	14.4	orig=58F|orig.time=sunset
1816	10	16	12	9	0	13.9	orig=57F|orig.time=7:30AM
1816	10	16	17	39	0	18.3	orig=65F|orig.time=1:00PM
1816	10	16	21	50	0	14.4	orig=58F|orig.time=sunset
1816	10	17	12	9	0	11.7	orig=53F|orig.time=7:30AM
1816	10	17	17	39	0	14.7	orig=58.5F|orig.time=1:00PM
1816	10	17	21	48	0	12.2	orig=54F|orig.time=sunset
1816	10	18	12	9	0	3.3	orig=38F|orig.time=7:30AM
1816	10	18	17	39	0	7.8	orig=46F|orig.time=1:00PM
1816	10	18	21	46	0	5.6	orig=42F|orig.time=sunset
1816	10	19	12	9	0	3.1	orig=37.5F|orig.time=7:30AM
1816	10	19	17	39	0	15.6	orig=60F|orig.time=1:00PM
1816	10	19	21	45	0	13.3	orig=56F|orig.time=sunset
1816	10	20	12	9	0	2.8	orig=37F|orig.time=7:30AM
1816	10	20	17	39	0	12.8	orig=55F|orig.time=1:00PM
1816	10	20	21	43	0	10	orig=50F|orig.time=sunset
1816	10	21	12	9	0	8.9	orig=48F|orig.time=7:30AM
1816	10	21	17	39	0	11.1	orig=52F|orig.time=1:00PM
1816	10	21	21	42	0	11.1	orig=52F|orig.time=sunset
1816	10	22	12	9	0	11.7	orig=53F|orig.time=7:30AM
1816	10	22	17	39	0	14.2	orig=57.5F|orig.time=1:00PM
1816	10	22	21	40	0	12.2	orig=54F|orig.time=sunset
1816	10	23	12	9	0	10.6	orig=51F|orig.time=7:30AM
1816	10	23	17	39	0	15.8	orig=60.5F|orig.time=1:00PM
1816	10	23	21	39	0	11.7	orig=53F|orig.time=sunset
1816	10	24	12	9	0	6.1	orig=43F|orig.time=7:30AM
1816	10	24	17	39	0	12.6	orig=54.75F|orig.time=1:00PM
1816	10	24	21	37	0	8.9	orig=48F|orig.time=sunset
1816	10	25	12	9	0	-0.6	orig=31F|orig.time=7:30AM
1816	10	25	17	39	0	11.4	orig=52.5F|orig.time=1:00PM
1816	10	25	21	36	0	13.9	orig=57F|orig.time=sunset
1816	10	26	12	9	0	11.1	orig=52F|orig.time=7:30AM
1816	10	26	17	39	0	14.7	orig=58.5F|orig.time=1:00PM
1816	10	27	12	9	0	6.1	orig=43F|orig.time=7:30AM
1816	10	27	17	39	0	9.7	orig=49.5F|orig.time=1:00PM
1816	10	27	21	33	0	7.8	orig=46F|orig.time=sunset
1816	10	28	12	9	0	3.3	orig=38F|orig.time=7:30AM
1816	10	28	17	39	0	13.3	orig=56F|orig.time=1:00PM
1816	10	28	21	32	0	7.8	orig=46F|orig.time=sunset
1816	10	29	12	9	0	2.2	orig=36F|orig.time=7:30AM
1816	10	29	17	39	0	14.4	orig=58F|orig.time=1:00PM
1816	10	29	21	30	0	8.9	orig=48F|orig.time=sunset
1816	10	30	12	9	0	3.9	orig=39F|orig.time=7:30AM
1816	10	31	12	9	0	6.7	orig=44F|orig.time=7:30AM
1816	10	31	17	39	0	9.2	orig=48.5F|orig.time=1:00PM
1816	10	31	21	28	0	7.8	orig=46F|orig.time=sunset
1816	11	1	12	9	0	2.2	orig=36F|orig.time=7:30AM
1816	11	1	17	39	0	13.9	orig=57F|orig.time=1:00PM
1816	11	1	21	26	0	8.2	orig=46.75F|orig.time=sunset
1816	11	2	12	9	0	-0.6	orig=31F|orig.time=7:30AM
1816	11	2	17	39	0	11.1	orig=52F|orig.time=1:00PM
1816	11	2	21	25	0	8.3	orig=47F|orig.time=sunset
1816	11	3	12	9	0	9.4	orig=49F|orig.time=7:30AM
1816	11	3	17	39	0	13.9	orig=57F|orig.time=1:00PM
1816	11	3	21	24	0	11.1	orig=52F|orig.time=sunset
1816	11	4	12	9	0	11.7	orig=53F|orig.time=7:30AM
1816	11	4	17	39	0	14.4	orig=58F|orig.time=1:00PM
1816	11	4	21	23	0	13.3	orig=56F|orig.time=sunset
1816	11	5	12	9	0	11.7	orig=53F|orig.time=7:30AM
1816	11	5	17	39	0	13.3	orig=56F|orig.time=1:00PM
1816	11	5	21	21	0	13.5	orig=56.25F|orig.time=sunset
1816	11	6	12	9	0	13.3	orig=56F|orig.time=7:30AM
1816	11	6	17	39	0	14.4	orig=58F|orig.time=1:00PM
1816	11	6	21	20	0	8.9	orig=48F|orig.time=sunset
1816	11	7	12	9	0	2.8	orig=37F|orig.time=7:30AM
1816	11	7	17	39	0	14.7	orig=58.5F|orig.time=1:00PM
1816	11	8	12	9	0	6.7	orig=44F|orig.time=7:30AM
1816	11	8	17	39	0	10.6	orig=51F|orig.time=1:00PM
1816	11	8	21	18	0	10	orig=50F|orig.time=sunset
1816	11	9	12	9	0	6.7	orig=44F|orig.time=7:30AM
1816	11	9	17	39	0	10.3	orig=50.5F|orig.time=1:00PM
1816	11	9	21	17	0	9.2	orig=48.5F|orig.time=sunset
1816	11	10	12	9	0	1.7	orig=35F|orig.time=7:30AM
1816	11	10	17	39	0	4.7	orig=40.5F|orig.time=1:00PM
1816	11	10	21	16	0	0	orig=32F|orig.time=sunset
1816	11	11	12	9	0	-2.2	orig=28F|orig.time=7:30AM
1816	11	11	17	39	0	3.1	orig=37.5F|orig.time=1:00PM
1816	11	11	21	15	0	1.1	orig=34F|orig.time=sunset
1816	11	12	12	9	0	-2.8	orig=27F|orig.time=7:30AM
1816	11	12	17	39	0	2.2	orig=36F|orig.time=1:00PM
1816	11	12	21	14	0	1.1	orig=34F|orig.time=sunset
1816	11	13	12	9	0	-3.9	orig=25F|orig.time=7:30AM
1816	11	13	17	39	0	2.5	orig=36.5F|orig.time=1:00PM
1816	11	13	21	13	0	0	orig=32F|orig.time=sunset
1816	11	14	12	9	0	-4.4	orig=24F|orig.time=7:30AM
1816	11	14	17	39	0	6.7	orig=44F|orig.time=1:00PM
1816	11	14	21	12	0	2.2	orig=36F|orig.time=sunset
1816	11	15	12	9	0	1.7	orig=35F|orig.time=7:30AM
1816	11	15	17	39	0	9.7	orig=49.5F|orig.time=1:00PM
1816	11	15	21	11	0	10.6	orig=51F|orig.time=sunset
1816	11	16	12	9	0	0.6	orig=33F|orig.time=7:30AM
1816	11	16	17	39	0	5.3	orig=41.5F|orig.time=1:00PM
1816	11	16	21	11	0	2.8	orig=37F|orig.time=sunset
1816	11	17	12	9	0	3.9	orig=39F|orig.time=7:30AM
1816	11	17	17	39	0	11.1	orig=52F|orig.time=1:00PM
1816	11	17	21	10	0	10	orig=50F|orig.time=sunset
1816	11	18	12	9	0	10.6	orig=51F|orig.time=7:30AM
1816	11	18	17	39	0	13.9	orig=57F|orig.time=1:00PM
1816	11	18	21	9	0	12.6	orig=54.75F|orig.time=sunset
1816	11	19	12	9	0	11.7	orig=53F|orig.time=7:30AM
1816	11	19	17	39	0	15.8	orig=60.5F|orig.time=1:00PM
1816	11	19	21	8	0	12.8	orig=55F|orig.time=sunset
1816	11	20	12	9	0	11.1	orig=52F|orig.time=7:30AM
1816	11	20	17	39	0	15.6	orig=60F|orig.time=1:00PM
1816	11	20	21	8	0	12.8	orig=55F|orig.time=sunset
1816	11	21	12	9	0	8.6	orig=47.5F|orig.time=7:30AM
1816	11	21	17	39	0	5.6	orig=42F|orig.time=1:00PM
1816	11	21	21	7	0	0.3	orig=32.5F|orig.time=sunset
1816	11	22	12	9	0	-7.2	orig=19F|orig.time=7:30AM
1816	11	22	17	39	0	-2.8	orig=27F|orig.time=1:00PM
1816	11	22	21	6	0	-4.4	orig=24F|orig.time=sunset
1816	11	23	12	9	0	-5	orig=23F|orig.time=7:30AM
1816	11	23	17	39	0	0.3	orig=32.5F|orig.time=1:00PM
1816	11	23	21	6	0	1.4	orig=34.5F|orig.time=sunset
1816	11	24	12	9	0	-4.4	orig=24F|orig.time=7:30AM
1816	11	24	17	39	0	3.1	orig=37.5F|orig.time=1:00PM
1816	11	24	21	5	0	-0.8	orig=30.5F|orig.time=sunset
1816	11	25	12	9	0	-4.4	orig=24F|orig.time=7:30AM
1816	11	25	17	39	0	-1.1	orig=30F|orig.time=1:00PM
1816	11	25	21	5	0	-2.2	orig=28F|orig.time=sunset
1816	11	26	12	9	0	-12.2	orig=10F|orig.time=7:30AM
1816	11	26	17	39	0	-3.9	orig=25F|orig.time=1:00PM
1816	11	26	21	4	0	-8.1	orig=17.5F|orig.time=sunset
1816	11	27	12	9	0	-1.7	orig=29F|orig.time=7:30AM
1816	11	27	17	39	0	3.9	orig=39F|orig.time=1:00PM
1816	11	27	21	4	0	0.8	orig=33.5F|orig.time=sunset
1816	11	28	12	9	0	-8.6	orig=16.5F|orig.time=7:30AM
1816	11	28	17	39	0	-5	orig=23F|orig.time=1:00PM
1816	11	28	21	4	0	-7.2	orig=19F|orig.time=sunset
1816	11	29	12	9	0	-16.1	orig=3F|orig.time=7:30AM
1816	11	29	17	39	0	0.6	orig=33F|orig.time=1:00PM
1816	11	29	21	3	0	-2.8	orig=27F|orig.time=sunset
1816	11	30	12	9	0	-0.8	orig=30.5F|orig.time=7:30AM
1816	11	30	17	39	0	6.1	orig=43F|orig.time=1:00PM
1816	11	30	21	3	0	1	orig=33.75F|orig.time=sunset
1816	12	1	12	9	0	-6.7	orig=20F|orig.time=7:30AM
1816	12	1	17	39	0	2.5	orig=36.5F|orig.time=1:00PM
1816	12	1	21	3	0	-1.4	orig=29.5F|orig.time=sunset
1816	12	2	12	9	0	-15.6	orig=4F|orig.time=7:30AM
1816	12	2	17	39	0	-8.3	orig=17F|orig.time=1:00PM
1816	12	2	21	3	0	-10	orig=14F|orig.time=sunset
1816	12	3	12	9	0	-16.9	orig=1.5F|orig.time=7:30AM
1816	12	3	17	39	0	-7.2	orig=19F|orig.time=1:00PM
1816	12	3	21	2	0	-13.6	orig=7.5F|orig.time=sunset
1816	12	4	12	9	0	-10	orig=14F|orig.time=7:30AM
1816	12	4	17	39	0	-8.1	orig=17.5F|orig.time=1:00PM
1816	12	4	21	2	0	-9.7	orig=14.5F|orig.time=sunset
1816	12	5	12	9	0	-13.3	orig=8F|orig.time=7:30AM
1816	12	5	17	39	0	-0.3	orig=31.5F|orig.time=1:00PM
1816	12	5	21	2	0	-3.1	orig=26.5F|orig.time=sunset
1816	12	6	12	9	0	-9.4	orig=15F|orig.time=7:30AM
1816	12	6	17	39	0	3.6	orig=38.5F|orig.time=1:00PM
1816	12	6	21	2	0	2.9	orig=37.25F|orig.time=sunset
1816	12	7	12	9	0	-2.2	orig=28F|orig.time=7:30AM
1816	12	7	17	39	0	6.9	orig=44.5F|orig.time=1:00PM
1816	12	7	21	2	0	3.3	orig=38F|orig.time=sunset
1816	12	8	12	9	0	0	orig=32F|orig.time=7:30AM
1816	12	8	17	39	0	7.8	orig=46F|orig.time=1:00PM
1816	12	8	21	2	0	4.4	orig=40F|orig.time=sunset
1816	12	9	12	9	0	-11.1	orig=12F|orig.time=7:30AM
1816	12	9	17	39	0	-8.3	orig=17F|orig.time=1:00PM
1816	12	9	21	2	0	-10	orig=14F|orig.time=sunset
1816	12	10	12	9	0	-12.2	orig=10F|orig.time=7:30AM
1816	12	10	17	39	0	-9.4	orig=15F|orig.time=1:00PM
1816	12	10	21	2	0	-8.6	orig=16.5F|orig.time=sunset
1816	12	11	12	9	0	-9.4	orig=15F|orig.time=7:30AM
1816	12	11	17	39	0	-4.7	orig=23.5F|orig.time=1:00PM
1816	12	11	21	3	0	-6.1	orig=21F|orig.time=sunset
1816	12	12	12	9	0	-0.6	orig=31F|orig.time=7:30AM
1816	12	12	17	39	0	2.8	orig=37F|orig.time=1:00PM
1816	12	12	21	3	0	2.2	orig=36F|orig.time=sunset
1816	12	13	12	9	0	-0.3	orig=31.5F|orig.time=7:30AM
1816	12	13	17	39	0	7.2	orig=45F|orig.time=1:00PM
1816	12	13	21	3	0	2.8	orig=37F|orig.time=sunset
1816	12	14	12	9	0	-1.1	orig=30F|orig.time=7:30AM
1816	12	14	17	39	0	3.9	orig=39F|orig.time=1:00PM
1816	12	14	21	3	0	0	orig=32F|orig.time=sunset
1816	12	15	12	9	0	-16.4	orig=2.5F|orig.time=7:30AM
1816	12	15	17	39	0	-3.6	orig=25.5F|orig.time=1:00PM
1816	12	15	21	4	0	-3.3	orig=26F|orig.time=sunset
1816	12	16	12	9	0	-12.8	orig=9F|orig.time=7:30AM
1816	12	16	17	39	0	-12.5	orig=9.5F|orig.time=1:00PM
1816	12	16	21	4	0	-14.2	orig=6.5F|orig.time=sunset
1816	12	17	12	9	0	-16.1	orig=3F|orig.time=7:30AM
1816	12	17	17	39	0	-9.2	orig=15.5F|orig.time=1:00PM
1816	12	17	21	5	0	-10.6	orig=13F|orig.time=sunset
1816	12	18	12	9	0	-10	orig=14F|orig.time=7:30AM
1816	12	18	17	39	0	-1.4	orig=29.5F|orig.time=1:00PM
1816	12	18	21	5	0	-0.6	orig=31F|orig.time=sunset
1816	12	19	12	9	0	-12.2	orig=10F|orig.time=7:30AM
1816	12	19	17	39	0	-7.5	orig=18.5F|orig.time=1:00PM
1816	12	19	21	5	0	-9.4	orig=15F|orig.time=sunset
1816	12	20	12	9	0	-19.4	orig=-3F|orig.time=7:30AM
1816	12	20	17	39	0	-3.9	orig=25F|orig.time=1:00PM
1816	12	20	21	6	0	-7.8	orig=18F|orig.time=sunset
1816	12	21	12	9	0	-7.8	orig=18F|orig.time=7:30AM
1816	12	21	17	39	0	-6.1	orig=21F|orig.time=1:00PM
1816	12	21	21	7	0	-10	orig=14F|orig.time=sunset
1816	12	22	12	9	0	-21.1	orig=-6F|orig.time=7:30AM
1816	12	22	17	39	0	-10.8	orig=12.5F|orig.time=1:00PM
1816	12	22	21	7	0	-11.1	orig=12F|orig.time=sunset
1816	12	23	12	9	0	-11.1	orig=12F|orig.time=7:30AM
1816	12	23	17	39	0	-1.4	orig=29.5F|orig.time=1:00PM
1816	12	23	21	8	0	-2.5	orig=27.5F|orig.time=sunset
1816	12	24	12	9	0	-9.4	orig=15F|orig.time=7:30AM
1816	12	24	17	39	0	6.4	orig=43.5F|orig.time=1:00PM
1816	12	24	21	9	0	2.5	orig=36.5F|orig.time=sunset
1816	12	25	12	9	0	0	orig=32F|orig.time=7:30AM
1816	12	25	17	39	0	4.2	orig=39.5F|orig.time=1:00PM
1816	12	25	21	9	0	2.8	orig=37F|orig.time=sunset
1816	12	26	12	9	0	0	orig=32F|orig.time=7:30AM
1816	12	26	17	39	0	9.4	orig=49F|orig.time=1:00PM
1816	12	26	21	10	0	3.1	orig=37.5F|orig.time=sunset
1816	12	27	12	9	0	1.7	orig=35F|orig.time=7:30AM
1816	12	27	17	39	0	6.1	orig=43F|orig.time=1:00PM
1816	12	27	21	11	0	5	orig=41F|orig.time=sunset
1816	12	28	12	9	0	-3.3	orig=26F|orig.time=7:30AM
1816	12	28	17	39	0	2.8	orig=37F|orig.time=1:00PM
1816	12	28	21	12	0	0	orig=32F|orig.time=sunset
1816	12	29	12	9	0	-4.2	orig=24.5F|orig.time=7:30AM
1816	12	29	17	39	0	3.6	orig=38.5F|orig.time=1:00PM
1816	12	29	21	12	0	0.8	orig=33.5F|orig.time=sunset
1816	12	30	12	9	0	-7.2	orig=19F|orig.time=7:30AM
1816	12	30	17	39	0	-7.2	orig=19F|orig.time=1:00PM
1816	12	30	21	13	0	-10	orig=14F|orig.time=sunset
1816	12	31	12	9	0	-17.2	orig=1F|orig.time=7:30AM
1816	12	31	17	39	0	1.5	orig=34.75F|orig.time=1:00PM
1816	12	31	21	14	0	1.7	orig=35F|orig.time=sunset
